{
  "mae_mean": 0.04061328766584397,
  "mae_std": 0.0004271338328756823,
  "rmse_mean": 0.05381552811381292,
  "rmse_std": 0.0007156853658060519,
  "r2_mean": 0.955851067746398,
  "r2_std": 0.000859080447038906
}