{
  "mae": 0.04042690378,
  "rmse": 0.05405204919397989,
  "r2": 0.9555193587478423,
  "max_error": 0.23539348,
  "median_ae": 0.030496014999999932,
  "bucketed": {
    "LOW (0.0-0.3)": {
      "count": 380,
      "mae": 0.04698745231578947
    },
    "MEDIUM (0.3-0.7)": {
      "count": 724,
      "mae": 0.045901628839778996
    },
    "HIGH (0.7-1.0)": {
      "count": 1896,
      "mae": 0.03702146633966244
    }
  },
  "binary_accuracy_at_0.5": 0.992
}