{
  "gps_distance_m": 0.40523049235343933,
  "call_made": 0.3482075333595276,
  "time_gap_minutes": 0.1139521524310112,
  "exec_historical_fake_rate": 0.10652607679367065,
  "minutes_to_shift_end": 0.01496870256960392,
  "is_cod": 0.006737047806382179,
  "pincode_tier": 0.004377955105155706
}